,file,date,time,magnification,community,replicate,measure_point,Tet,Pca,Col,Ble,Ble_shadow,hours
1,sample_0001,2019-01-14,10,1,Tet,1,t0,509.702647199482,0,0,0,0,0
2,sample_0002,2019-01-14,10,1,Tet,2,t0,509.702647199482,0,0,0,0,0
3,sample_0003,2019-01-14,10,1,Tet,3,t0,509.702647199482,0,0,0,0,0
4,sample_0004,2019-01-14,10,1,Pca,1,t0,0,8.58581596196585,0,0,0,0
5,sample_0005,2019-01-14,10,1,Pca,2,t0,0,8.58581596196585,0,0,0,0
6,sample_0006,2019-01-14,10,1,Pca,3,t0,0,8.58581596196585,0,0,0,0
7,sample_0007,2019-01-14,10,1,Col,1,t0,0,0,90.0188482853687,0,0,0
8,sample_0008,2019-01-14,10,1,Col,2,t0,0,0,90.0188482853687,0,0,0
9,sample_0009,2019-01-14,10,1,Col,3,t0,0,0,90.0188482853687,0,0,0
10,sample_0010,2019-01-14,10,1,Ble,1,t0,0,0,0,1.64008214476608,0,0
11,sample_0011,2019-01-14,10,1,Ble,2,t0,0,0,0,1.64008214476608,0,0
12,sample_0012,2019-01-14,10,1,Ble,3,t0,0,0,0,1.64008214476608,0,0
13,sample_0013,2019-01-14,10,1,Ble_Tet,1,t0,509.702647199482,0,0,1.64008214476608,0,0
14,sample_0014,2019-01-14,10,1,Ble_Tet,2,t0,509.702647199482,0,0,1.64008214476608,0,0
15,sample_0015,2019-01-14,10,1,Ble_Tet,3,t0,509.702647199482,0,0,1.64008214476608,0,0
16,sample_0016,2019-01-14,10,1,Ble_Pca,1,t0,0,8.58581596196585,0,1.64008214476608,0,0
17,sample_0017,2019-01-14,10,1,Ble_Pca,2,t0,0,8.58581596196585,0,1.64008214476608,0,0
18,sample_0018,2019-01-14,10,1,Ble_Pca,3,t0,0,8.58581596196585,0,1.64008214476608,0,0
19,sample_0019,2019-01-14,10,1,Ble_Col,1,t0,0,0,90.0188482853687,1.64008214476608,0,0
20,sample_0020,2019-01-14,10,1,Ble_Col,2,t0,0,0,90.0188482853687,1.64008214476608,0,0
21,sample_0021,2019-01-14,10,1,Ble_Col,3,t0,0,0,90.0188482853687,1.64008214476608,0,0
22,sample_0022,2019-01-14,10,1,Tet_Ble_Pca,1,t0,509.702647199482,8.58581596196585,0,1.64008214476608,0,0
23,sample_0023,2019-01-14,10,1,Tet_Ble_Pca,2,t0,509.702647199482,8.58581596196585,0,1.64008214476608,0,0
24,sample_0024,2019-01-14,10,1,Tet_Ble_Pca,3,t0,509.702647199482,8.58581596196585,0,1.64008214476608,0,0
25,sample_0025,2019-01-14,10,1,Tet_Ble_Col,1,t0,509.702647199482,0,90.0188482853687,1.64008214476608,0,0
26,sample_0026,2019-01-14,10,1,Tet_Ble_Col,2,t0,509.702647199482,0,90.0188482853687,1.64008214476608,0,0
27,sample_0027,2019-01-14,10,1,Tet_Ble_Col,3,t0,509.702647199482,0,90.0188482853687,1.64008214476608,0,0
28,sample_0001,2019-01-14,17,1,Tet,1,t1,1424.53652910232,0,0,0,0,7
29,sample_0002,2019-01-14,17,1,Tet,2,t1,912.031957689819,0,0,0,0,7
30,sample_0003,2019-01-14,17,1,Tet,3,t1,724.786901848257,0,0,0,0,7
31,sample_0004,2019-01-14,17,1,Pca,1,t1,0,0,0,0,0,7
32,sample_0005,2019-01-14,17,1,Pca,2,t1,0,8.32700368526177,0,0,0,7
33,sample_0006,2019-01-14,17,1,Pca,3,t1,0,1.40658846034827,0,0,0,7
34,sample_0007,2019-01-14,17,1,Col,1,t1,0,0,164.402059245506,0,0,7
35,sample_0008,2019-01-14,17,1,Col,2,t1,0,0,204.292907980983,0,0,7
36,sample_0009,2019-01-14,17,1,Col,3,t1,0,0,147.410470644499,0,0,7
37,sample_0010,2019-01-14,17,1,Ble,1,t1,0,0,0,8.49579430050356,0,7
38,sample_0011,2019-01-14,17,1,Ble,2,t1,0,0,0,0,0,7
39,sample_0012,2019-01-14,17,1,Ble,3,t1,0,0,0,5.40129968773736,0,7
40,sample_0013,2019-01-14,17,1,Ble_Tet,1,t1,636.565673615214,0,0,5.79514445663488,0,7
41,sample_0014,2019-01-14,17,1,Ble_Tet,2,t1,1091.90648999916,0,0,0,0,7
42,sample_0015,2019-01-14,17,1,Ble_Tet,3,t1,947.984358736321,0,0,0,0,7
43,sample_0016,2019-01-14,17,1,Ble_Pca,1,t1,0,13.6720398345852,0,0,0,7
44,sample_0017,2019-01-14,17,1,Ble_Pca,2,t1,0,0,0,0,0,7
45,sample_0018,2019-01-14,17,1,Ble_Pca,3,t1,0,8.66458491574535,0,0,0,7
46,sample_0019,2019-01-14,17,1,Ble_Col,1,t1,0,0,139.308521112893,8.49579430050356,0,7
47,sample_0020,2019-01-14,17,1,Ble_Col,2,t1,0,0,116.296733901595,0,0,7
48,sample_0021,2019-01-14,17,1,Ble_Col,3,t1,0,0,105.156553295637,0,0,7
49,sample_0022,2019-01-14,17,1,Tet_Ble_Pca,1,t1,813.683292542268,12.8280867583762,0,0,0,7
50,sample_0023,2019-01-14,17,1,Tet_Ble_Pca,2,t1,798.548400708921,21.7177258277773,0,0,0,7
51,sample_0024,2019-01-14,17,1,Tet_Ble_Pca,3,t1,1040.14403465834,7.98942245477818,0,0,0,7
52,sample_0025,2019-01-14,17,1,Tet_Ble_Col,1,t1,971.952626100656,0,91.0344051537401,0,0,7
53,sample_0026,2019-01-14,17,1,Tet_Ble_Col,2,t1,814.977353925788,0,52.5501448786114,0,0,7
54,sample_0027,2019-01-14,17,1,Tet_Ble_Col,3,t1,802.486848397896,0,160.913719863842,0,0,7
55,sample_0001,2019-01-15,10,1,Tet,1,t2,2718.42912200748,0,0,0,0,24
56,sample_0002,2019-01-15,10,1,Tet,2,t2,2997.44000900217,0,0,0,0,24
57,sample_0003,2019-01-15,10,1,Tet,3,t2,2013.95335752666,0,0,0,0,24
58,sample_0004,2019-01-15,10,1,Pca,1,t2,0,0,0,0,0,24
59,sample_0005,2019-01-15,10,1,Pca,2,t2,0,8.83337553098714,0,0,0,24
60,sample_0006,2019-01-15,10,1,Pca,3,t2,0,3.0944946127662,0,0,0,24
61,sample_0007,2019-01-15,10,1,Col,1,t2,0,0,116.465524516837,0,0,24
62,sample_0008,2019-01-15,10,1,Col,2,t2,0,0,125.130109432582,0,0,24
63,sample_0009,2019-01-15,10,1,Col,3,t2,0,0,147.072889414015,0,0,24
64,sample_0010,2019-01-15,10,1,Ble,1,t2,0,0,0,8.60832137733142,0,24
65,sample_0011,2019-01-15,10,1,Ble,2,t2,0,0,0,16.9353250625932,0,24
66,sample_0012,2019-01-15,10,1,Ble,3,t2,0,0,0,0,0,24
67,sample_0013,2019-01-15,10,1,Ble_Tet,1,t2,2332.06740371902,0,0,0,0,24
68,sample_0014,2019-01-15,10,1,Ble_Tet,2,t2,1965.34166033702,0,0,17.104115677835,0,24
69,sample_0015,2019-01-15,10,1,Ble_Tet,3,t2,2264.43863054548,0,0,4.89492784201198,0,24
70,sample_0016,2019-01-15,10,1,Ble_Pca,1,t2,0,0,0,0,0,24
71,sample_0017,2019-01-15,10,1,Ble_Pca,2,t2,0,10.8025993754747,0,12.2654513742369,0,24
72,sample_0018,2019-01-15,10,1,Ble_Pca,3,t2,0,0,0,0,0,24
73,sample_0019,2019-01-15,10,1,Ble_Col,1,t2,0,0,86.9271668495232,8.49579430050356,0,24
74,sample_0020,2019-01-15,10,1,Ble_Col,2,t2,0,0,183.137817537345,3.60086645849157,0,24
75,sample_0021,2019-01-15,10,1,Ble_Col,3,t2,0,0,162.826680169916,4.78240076518412,0,24
76,sample_0022,2019-01-15,10,1,Tet_Ble_Pca,1,t2,2840.29594621206,14.628519987622,0,8.21447660843391,0,24
77,sample_0023,2019-01-15,10,1,Tet_Ble_Pca,2,t2,2563.59186429235,17.104115677835,0,1.63164261400399,0,24
78,sample_0024,2019-01-15,10,1,Tet_Ble_Pca,3,t2,2158.66317832729,0,0,8.43953076208963,0,24
79,sample_0025,2019-01-15,10,1,Tet_Ble_Col,1,t2,2276.87287253495,0,179.536951078853,0,0,24
80,sample_0026,2019-01-15,10,1,Tet_Ble_Col,2,t2,2211.94474920528,0,193.827889835992,0,0,24
81,sample_0027,2019-01-15,10,1,Tet_Ble_Col,3,t2,2440.71229639632,0,124.061102202718,4.83866430359805,0,24
82,sample_0001,2019-01-15,17,1,Tet,1,t3,5556.19320899091,0,0,0,0,31
83,sample_0002,2019-01-15,17,1,Tet,2,t3,4736.20840014629,0,0,0,0,31
84,sample_0003,2019-01-15,17,1,Tet,3,t3,5600.36008664585,0,0,0,0,31
85,sample_0004,2019-01-15,17,1,Pca,1,t3,0,0,0,0,0,31
86,sample_0005,2019-01-15,17,1,Pca,2,t3,0,5.73888091822095,0,0,0,31
87,sample_0006,2019-01-15,17,1,Pca,3,t3,0,7.25799645539708,0,0,0,31
88,sample_0007,2019-01-15,17,1,Col,1,t3,0,0,256.280417475455,0,0,31
89,sample_0008,2019-01-15,17,1,Col,2,t3,0,0,330.21070695136,0,0,31
90,sample_0009,2019-01-15,17,1,Col,3,t3,0,0,252.62328747855,0,0,31
91,sample_0010,2019-01-15,17,1,Ble,1,t3,0,0,0,0,0,31
92,sample_0011,2019-01-15,17,1,Ble,2,t3,0,0,0,16.9915886010071,0,31
93,sample_0012,2019-01-15,17,1,Ble,3,t3,0,0,0,0,0,31
94,sample_0013,2019-01-15,17,1,Ble_Tet,1,t3,3412.21481418966,0,0,0,0,31
95,sample_0014,2019-01-15,17,1,Ble_Tet,2,t3,3311.33428981349,0,0,0,0,31
96,sample_0015,2019-01-15,17,1,Ble_Tet,3,t3,3916.61743607055,0,0,0,0,31
97,sample_0016,2019-01-15,17,1,Ble_Pca,1,t3,0,0,0,0,0,31
98,sample_0017,2019-01-15,17,1,Ble_Pca,2,t3,0,4.61361014994233,0,0,0,31
99,sample_0018,2019-01-15,17,1,Ble_Pca,3,t3,0,13.8970939882409,0,8.49579430050356,0,31
100,sample_0019,2019-01-15,17,1,Ble_Col,1,t3,0,0,227.304695192281,0,0,31
101,sample_0020,2019-01-15,17,1,Ble_Col,2,t3,0,0,245.47781809998,0,0,31
102,sample_0021,2019-01-15,17,1,Ble_Col,3,t3,0,0,293.076771598166,0,0,31
103,sample_0022,2019-01-15,17,1,Tet_Ble_Pca,1,t3,3549.6666385349,20.9862998283962,0,0,0,31
104,sample_0023,2019-01-15,17,1,Tet_Ble_Pca,2,t3,3392.80389343686,7.03294230174136,0,0,0,31
105,sample_0024,2019-01-15,17,1,Tet_Ble_Pca,3,t3,3605.817649872,9.17095676147073,0,0,0,31
106,sample_0025,2019-01-15,17,1,Tet_Ble_Col,1,t3,3243.87430725518,0,212.788702281487,7.4830506090528,0,31
107,sample_0026,2019-01-15,17,1,Tet_Ble_Col,2,t3,2787.5770107182,0,297.184009902383,0,0,31
108,sample_0027,2019-01-15,17,1,Tet_Ble_Col,3,t3,3015.66939544828,0,294.933468365826,0,0,31
109,sample_0001,2019-01-16,10,1,Tet,1,t4,5843.58736320927,0,0,0,0,48
110,sample_0002,2019-01-16,10,1,Tet,2,t4,4600.5570090303,0,0,0,0,48
111,sample_0003,2019-01-16,10,1,Tet,3,t4,6382.36700706107,0,0,0,0,48
112,sample_0004,2019-01-16,10,1,Pca,1,t4,0,25.4873829015107,0,0,0,48
113,sample_0005,2019-01-16,10,1,Pca,2,t4,0,0,0,0,0,48
114,sample_0006,2019-01-16,10,1,Pca,3,t4,0,0,0,0,0,48
115,sample_0007,2019-01-16,10,1,Col,1,t4,0,0,766.872028581878,0,0,48
116,sample_0008,2019-01-16,10,1,Col,2,t4,0,0,680.845078346977,0,0,48
117,sample_0009,2019-01-16,10,1,Col,3,t4,0,0,746.673418291276,0,0,48
118,sample_0010,2019-01-16,10,1,Ble,1,t4,0,0,0,6.58283399442991,0,48
119,sample_0011,2019-01-16,10,1,Ble,2,t4,0,0,0,8.49579430050356,0,48
120,sample_0012,2019-01-16,10,1,Ble,3,t4,0,0,0,8.55205783891749,0,48
121,sample_0013,2019-01-16,10,1,Ble_Tet,1,t4,4852.67392466312,0,0,0,0,48
122,sample_0014,2019-01-16,10,1,Ble_Tet,2,t4,4556.84023968267,0,0,0,0,48
123,sample_0015,2019-01-16,10,1,Ble_Tet,3,t4,5473.76712521451,0,0,0,0,48
124,sample_0016,2019-01-16,10,1,Ble_Pca,1,t4,0,20.5924550594987,0,0,0,48
125,sample_0017,2019-01-16,10,1,Ble_Pca,2,t4,0,16.4852167552817,0,0,0,48
126,sample_0018,2019-01-16,10,1,Ble_Pca,3,t4,0,17.3291698314907,0,0,0,48
127,sample_0019,2019-01-16,10,1,Ble_Col,1,t4,0,0,884.237769713337,0,0,48
128,sample_0020,2019-01-16,10,1,Ble_Col,2,t4,0,0,852.842715278364,0,0,48
129,sample_0021,2019-01-16,10,1,Ble_Col,3,t4,0,0,686.527695726784,0,0,48
130,sample_0022,2019-01-16,10,1,Tet_Ble_Pca,1,t4,3819.73162292177,0.900216614622894,0,8.3832672236757,0,48
131,sample_0023,2019-01-16,10,1,Tet_Ble_Pca,2,t4,5276.73221368892,18.3981770613554,0,28.9757222831744,0,48
132,sample_0024,2019-01-16,10,1,Tet_Ble_Pca,3,t4,5021.07069513602,20.9300362899823,0,0,0,48
133,sample_0025,2019-01-16,10,1,Tet_Ble_Col,1,t4,4950.40369088812,0,541.255239542015,0,0,48
134,sample_0026,2019-01-16,10,1,Tet_Ble_Col,2,t4,5201.28280867584,0,473.795256983712,0,0,48
135,sample_0027,2019-01-16,10,1,Tet_Ble_Col,3,t4,4352.49106816328,0,478.858975440966,0,0,48
136,sample_0001,2019-01-17,10,1,Tet,1,t5,4694.62964525839,0,0,0,0,72
137,sample_0002,2019-01-17,10,1,Tet,2,t5,5653.75418460067,0,0,0,0,72
138,sample_0003,2019-01-17,10,1,Tet,3,t5,7455.03136692267,0,0,0,0,72
139,sample_0004,2019-01-17,10,1,Pca,1,t5,0,73.3676540917658,0,0,0,72
140,sample_0005,2019-01-17,10,1,Pca,2,t5,0,77.4748923959828,0,0,0,72
141,sample_0006,2019-01-17,10,1,Pca,3,t5,0,72.1298562466594,0,0,0,72
142,sample_0007,2019-01-17,10,1,Col,1,t5,0,0,1432.30089740344,0,0,72
143,sample_0008,2019-01-17,10,1,Col,2,t5,0,0,1561.25692744817,0,0,72
144,sample_0009,2019-01-17,10,1,Col,3,t5,0,0,1530.03066362844,0,0,72
145,sample_0010,2019-01-17,10,1,Ble,1,t5,0,0,0,11.8716066053394,1.51911553717613,72
146,sample_0011,2019-01-17,10,1,Ble,2,t5,0,0,0,8.49579430050356,0,72
147,sample_0012,2019-01-17,10,1,Ble,3,t5,0,0,0,0,0,72
148,sample_0013,2019-01-17,10,1,Ble_Tet,1,t5,6561.34132275579,0,0,0,0,72
149,sample_0014,2019-01-17,10,1,Ble_Tet,2,t5,6382.8733789068,0,0,0,0,72
150,sample_0015,2019-01-17,10,1,Ble_Tet,3,t5,5832.55970968014,0,0,0,0,72
151,sample_0016,2019-01-17,10,1,Ble_Pca,1,t5,0,101.893268067629,0,15.0786282949335,0,72
152,sample_0017,2019-01-17,10,1,Ble_Pca,2,t5,0,112.752130981517,0,6.30151630236026,0,72
153,sample_0018,2019-01-17,10,1,Ble_Pca,3,t5,0,64.0279067150533,0,1.57537907559006,0,72
154,sample_0019,2019-01-17,10,1,Ble_Col,1,t5,0,0,1551.6921259178,0,0,72
155,sample_0020,2019-01-17,10,1,Ble_Col,2,t5,0,0,1392.52257574479,0,0,72
156,sample_0021,2019-01-17,10,1,Ble_Col,3,t5,0,0,1367.14771992011,0,0,72
157,sample_0022,2019-01-17,10,1,Tet_Ble_Pca,1,t5,5073.28325878415,101.386896221903,0,0,0,72
158,sample_0023,2019-01-17,10,1,Tet_Ble_Pca,2,t5,5006.49843868681,134.807438039778,0,8.21447660843391,0,72
159,sample_0024,2019-01-17,10,1,Tet_Ble_Pca,3,t5,4397.72695304808,110.332798829718,0,0,0,72
160,sample_0025,2019-01-17,10,1,Tet_Ble_Col,1,t5,3653.41660337019,0,1383.74546375222,0,0,72
161,sample_0026,2019-01-17,10,1,Tet_Ble_Col,2,t5,3572.62216220778,0,1315.55405519453,0,0,72
162,sample_0027,2019-01-17,10,1,Tet_Ble_Col,3,t5,3448.05468815934,0,1044.25127296256,0,0,72
163,sample_0001,2019-01-18,10,1,Tet,1,t6,3323.31842349565,0,0,0,0,96
164,sample_0002,2019-01-18,10,1,Tet,2,t6,5381.38239513883,0,0,0,0,96
165,sample_0003,2019-01-18,10,1,Tet,3,t6,6840.68979098095,0,0,0,0,96
166,sample_0004,2019-01-18,10,1,Pca,1,t6,0,180.380904155062,0,0,0,96
167,sample_0005,2019-01-18,10,1,Pca,2,t6,0,113.764874672968,0,0,0,96
168,sample_0006,2019-01-18,10,1,Pca,3,t6,0,102.568430528596,0,0,0,96
169,sample_0007,2019-01-18,10,1,Col,1,t6,0,0,1577.74214420345,0,0,96
170,sample_0008,2019-01-18,10,1,Col,2,t6,0,0,1593.04582665204,0,0,96
171,sample_0009,2019-01-18,10,1,Col,3,t6,0,0,1452.38698061721,0,0,96
172,sample_0010,2019-01-18,10,1,Ble,1,t6,0,0,0,8.77711199257321,2.1942779981433,96
173,sample_0011,2019-01-18,10,1,Ble,2,t6,0,0,0,6.86415168649956,1.35032492193434,96
174,sample_0012,2019-01-18,10,1,Ble,3,t6,0,0,0,16.6540073705235,9.62106506878218,96
175,sample_0013,2019-01-18,10,1,Ble_Tet,1,t6,5919.88072129856,0,0,18.9608124454947,4.44481953470054,96
176,sample_0014,2019-01-18,10,1,Ble_Tet,2,t6,6145.55377387684,0,0,0,2.64438630545475,96
177,sample_0015,2019-01-18,10,1,Ble_Tet,3,t6,5234.14071510957,0,0,8.15821307001997,0,96
178,sample_0016,2019-01-18,10,1,Ble_Pca,1,t6,0,146.003882184151,0,8.04568599319211,0,96
179,sample_0017,2019-01-18,10,1,Ble_Pca,2,t6,0,120.010127436915,0,8.49579430050356,2.41933215179903,96
180,sample_0018,2019-01-18,10,1,Ble_Pca,3,t6,0,95.5354882268546,0,2.64438630545475,0,96
181,sample_0019,2019-01-18,10,1,Ble_Col,1,t6,0,0,1853.03963766281,0,6.7516246096717,96
182,sample_0020,2019-01-18,10,1,Ble_Col,2,t6,0,0,1525.36078994008,7.42678707063887,0,96
183,sample_0021,2019-01-18,10,1,Ble_Col,3,t6,0,0,1394.15421835879,0,0,96
184,sample_0022,2019-01-18,10,1,Tet_Ble_Pca,1,t6,4090.75308746167,139.308521112893,0,10.8588629138887,0,96
185,sample_0023,2019-01-18,10,1,Tet_Ble_Pca,2,t6,3567.89602498101,200.466987368836,0,8.3832672236757,0,96
186,sample_0024,2019-01-18,10,1,Tet_Ble_Pca,3,t6,4014.68478352604,159.957239710805,0,0,0,96
187,sample_0025,2019-01-18,10,1,Tet_Ble_Col,1,t6,3429.65651109798,0,1317.01690719329,0,0,96
188,sample_0026,2019-01-18,10,1,Tet_Ble_Col,2,t6,2738.17762399077,0,1242.07387402594,0,0,96
189,sample_0027,2019-01-18,10,1,Tet_Ble_Col,3,t6,3693.47624272091,0,1091.56890876867,0,0,96
190,sample_0001,2019-01-21,10,1,Tet,1,t7,3975.58162432835,0,0,0,0,168
191,sample_0002,2019-01-21,10,1,Tet,2,t7,5843.64362674769,0,0,0,0,168
192,sample_0003,2019-01-21,10,1,Tet,3,t7,6209.75047120713,0,0,0,0,168
193,sample_0004,2019-01-21,10,1,Pca,1,t7,0,144.653557262216,0,0,0,168
194,sample_0005,2019-01-21,10,1,Pca,2,t7,0,197.203702140828,0,0,0,168
195,sample_0006,2019-01-21,10,1,Pca,3,t7,0,189.495597378119,0,0,0,168
196,sample_0007,2019-01-21,10,1,Col,1,t7,0,0,1270.93706923228,0,0,168
197,sample_0008,2019-01-21,10,1,Col,2,t7,0,0,1826.98961937716,0,0,168
198,sample_0009,2019-01-21,10,1,Col,3,t7,0,0,2026.27507243931,0,0,168
199,sample_0010,2019-01-21,10,1,Ble,1,t7,0,0,0,66.2221847131966,8.3832672236757,168
200,sample_0011,2019-01-21,10,1,Ble,2,t7,0,0,0,106.788195909641,6.63909753284384,168
201,sample_0012,2019-01-21,10,1,Ble,3,t7,0,0,0,53.7879427237179,1.18153430669255,168
202,sample_0013,2019-01-21,10,1,Ble_Tet,1,t7,2699.63710017723,0,0,55.5321124145498,2.13801445972937,168
203,sample_0014,2019-01-21,10,1,Ble_Tet,2,t7,2616.87343517034,0,0,20.367400905843,11.365234759614,168
204,sample_0015,2019-01-21,10,1,Ble_Tet,3,t7,2395.08256674262,0,0,37.1901988916083,17.2729062930768,168
205,sample_0016,2019-01-21,10,1,Ble_Pca,1,t7,0,133.513376656258,0,11.0839170675444,0,168
206,sample_0017,2019-01-21,10,1,Ble_Pca,2,t7,0,128.618448814246,0,13.053140912032,0,168
207,sample_0018,2019-01-21,10,1,Ble_Pca,3,t7,0,208.512673362028,0,8.55205783891749,0,168
208,sample_0019,2019-01-21,10,1,Ble_Col,1,t7,0,0,1895.29355501167,10.4650181449911,0,168
209,sample_0020,2019-01-21,10,1,Ble_Col,2,t7,0,0,2211.49464089797,0.956480153036825,0,168
210,sample_0021,2019-01-21,10,1,Ble_Col,3,t7,0,0,2031.22626381973,8.77711199257321,0,168
211,sample_0022,2019-01-21,10,1,Tet_Ble_Pca,1,t7,1466.90297352801,129.518665428869,0,24.0807944411624,1.4628519987622,168
212,sample_0023,2019-01-21,10,1,Tet_Ble_Pca,2,t7,1562.83230652376,96.9420766872029,0,16.9915886010071,0,168
213,sample_0024,2019-01-21,10,1,Tet_Ble_Pca,3,t7,1115.70596674825,45.0670942695586,0,6.9204152249135,0,168
214,sample_0025,2019-01-21,10,1,Tet_Ble_Col,1,t7,109.320055138268,0,1532.95636762596,26.7251807466172,0,168
215,sample_0026,2019-01-21,10,1,Tet_Ble_Col,2,t7,423.214335949588,0,2004.38855599629,37.415253045264,0,168
216,sample_0027,2019-01-21,10,1,Tet_Ble_Col,3,t7,83.2137733142037,0,1534.25042900948,35.5585562776043,0,168
217,sample_0001,2019-01-23,10,1,Tet,1,t8,3114.74948659521,0,0,0,0,216
218,sample_0002,2019-01-23,10,1,Tet,2,t8,6043.43545165555,0,0,0,0,216
219,sample_0003,2019-01-23,10,1,Tet,3,t8,5427.12465186936,0,0,0,0,216
220,sample_0004,2019-01-23,10,1,Pca,1,t8,0,72.2986468619011,0,0,0,216
221,sample_0005,2019-01-23,10,1,Pca,2,t8,0,94.6915351506456,0,0,0,216
222,sample_0006,2019-01-23,10,1,Pca,3,t8,0,112.63960390469,0,0,0,216
223,sample_0007,2019-01-23,10,1,Col,1,t8,0,0,1806.67848200973,0,0,216
224,sample_0008,2019-01-23,10,1,Col,2,t8,0,0,1756.43514220609,0,0,216
225,sample_0009,2019-01-23,10,1,Col,3,t8,0,0,1256.53360339832,0,0,216
226,sample_0010,2019-01-23,10,1,Ble,1,t8,0,0,0,115.902889132698,10.0711733760936,216
227,sample_0011,2019-01-23,10,1,Ble,2,t8,0,0,0,91.3157228458098,18.4544405997693,216
228,sample_0012,2019-01-23,10,1,Ble,3,t8,0,0,0,206.599713055954,34.2644948940839,216
229,sample_0013,2019-01-23,10,1,Ble_Tet,1,t8,19.1858665991504,0,0,172.278954623456,15.472473063831,216
230,sample_0014,2019-01-23,10,1,Ble_Tet,2,t8,5.23250907249557,0,0,136.607871269024,15.7537907559006,216
231,sample_0015,2019-01-23,10,1,Ble_Tet,3,t8,4.66987368835626,0,0,146.56651756829,1.18153430669255,216
232,sample_0016,2019-01-23,10,1,Ble_Pca,1,t8,0,251.104171941373,0,44.0543505781079,0,216
233,sample_0017,2019-01-23,10,1,Ble_Pca,2,t8,0,149.829802796298,0,0,0,216
234,sample_0018,2019-01-23,10,1,Ble_Pca,3,t8,0,187.695164148873,0,12.6030326047205,0,216
235,sample_0019,2019-01-23,10,1,Ble_Col,1,t8,0,0,2386.02413705798,1.68790615241793,0,216
236,sample_0020,2019-01-23,10,1,Ble_Col,2,t8,0,0,2506.20305511014,1.29406138352041,0,216
237,sample_0021,2019-01-23,10,1,Ble_Col,3,t8,0,0,2316.6511941936,9.05842968464287,0,216
238,sample_0022,2019-01-23,10,1,Tet_Ble_Pca,1,t8,2.47559569021296,131.712943427012,0,100.374152530453,0,216
239,sample_0023,2019-01-23,10,1,Tet_Ble_Pca,2,t8,14.8535741412777,74.1553436295609,0,74.6617154752862,0,216
240,sample_0024,2019-01-23,10,1,Tet_Ble_Pca,3,t8,16.8790615241793,62.621318254705,0,112.414549751034,10.0149098376797,216
241,sample_0025,2019-01-23,10,1,Tet_Ble_Col,1,t8,0,0,898.641235547304,38.3717331983008,0,216
242,sample_0026,2019-01-23,10,1,Tet_Ble_Col,2,t8,0,0,2152.47418910175,37.7528342757476,0,216
243,sample_0027,2019-01-23,10,1,Tet_Ble_Col,3,t8,9.33974737671252,0,787.464483641376,50.8622387261935,0,216
244,sample_0001,2019-01-25,10,1,Tet,1,t9,3141.362140265,0,0,0,0,264
245,sample_0002,2019-01-25,10,1,Tet,2,t9,4096.9420766872,0,0,0,0,264
246,sample_0003,2019-01-25,10,1,Tet,3,t9,5036.59943173826,0,0,0,0,264
247,sample_0004,2019-01-25,10,1,Pca,1,t9,0,81.8634483922694,0,0,0,264
248,sample_0005,2019-01-25,10,1,Pca,2,t9,0,112.133232058964,0,0,0,264
249,sample_0006,2019-01-25,10,1,Pca,3,t9,0,89.1777083860804,0,0,0,264
250,sample_0007,2019-01-25,10,1,Col,1,t9,0,0,1467.01550060483,0,0,264
251,sample_0008,2019-01-25,10,1,Col,2,t9,0,0,1485.63873181984,0,0,264
252,sample_0009,2019-01-25,10,1,Col,3,t9,0,0,1297.32466874842,0,0,264
253,sample_0010,2019-01-25,10,1,Ble,1,t9,0,0,0,190.733395223226,35.1647115087068,264
254,sample_0011,2019-01-25,10,1,Ble,2,t9,0,0,0,142.740596956143,24.6434298253017,264
255,sample_0012,2019-01-25,10,1,Ble,3,t9,0,0,0,179.311896925198,52.887726109095,264
256,sample_0013,2019-01-25,10,1,Ble_Tet,1,t9,1.35032492193434,0,0,137.789405575717,44.0543505781079,264
257,sample_0014,2019-01-25,10,1,Ble_Tet,2,t9,0,0,0,131.206571581287,15.2474189101753,264
258,sample_0015,2019-01-25,10,1,Ble_Tet,3,t9,7.42678707063887,0,0,139.98368357386,12.6592961431344,264
259,sample_0016,2019-01-25,10,1,Ble_Pca,1,t9,0,108.6448926773,0,20.1423467521872,0,264
260,sample_0017,2019-01-25,10,1,Ble_Pca,2,t9,0,185.613413227558,0,0,0,264
261,sample_0018,2019-01-25,10,1,Ble_Pca,3,t9,0,221.340760120404,0,31.7888992038709,17.2729062930768,264
262,sample_0019,2019-01-25,10,1,Ble_Col,1,t9,0,0,2125.46769066307,34.8833938166371,13.2781950656877,264
263,sample_0020,2019-01-25,10,1,Ble_Col,2,t9,0,0,2127.38065096914,33.9269136636003,52.3250907249557,264
264,sample_0021,2019-01-25,10,1,Ble_Col,3,t9,0,0,2054.29431456944,29.3695670520719,56.3198019523448,264
265,sample_0022,2019-01-25,10,1,Tet_Ble_Pca,1,t9,1.85669676765972,39.4970039665795,0,65.940867021127,9.78985568402397,264
266,sample_0023,2019-01-25,10,1,Tet_Ble_Pca,2,t9,3.37581230483585,60.3145131797339,0,60.0331954876642,7.08920584015529,264
267,sample_0024,2019-01-25,10,1,Tet_Ble_Pca,3,t9,0.67516246096717,52.6064084170253,0,131.994261119082,5.34503614932343,264
268,sample_0025,2019-01-25,10,1,Tet_Ble_Col,1,t9,2.47559569021296,0,227.135904577039,97.3359214561004,21.7739893661912,264
269,sample_0026,2019-01-25,10,1,Tet_Ble_Col,2,t9,4.72613722677019,0,938.532084282781,68.7540439418235,29.8196753593834,264
270,sample_0027,2019-01-25,10,1,Tet_Ble_Col,3,t9,0,0,95.985596534166,60.8208850254593,5.34503614932343,264
271,sample_0001,2019-01-28,10,1,Tet,1,t10,3919.82445776015,0,0,0,0,336
272,sample_0002,2019-01-28,10,1,Tet,2,t10,4793.31589163643,0,0,0,0,336
273,sample_0003,2019-01-28,10,1,Tet,3,t10,4685.40242495851,0,0,0,0,336
274,sample_0004,2019-01-28,10,1,Pca,1,t10,0,105.887979295018,0,0,0,336
275,sample_0005,2019-01-28,10,1,Pca,2,t10,0,134.807438039778,0,0,0,336
276,sample_0006,2019-01-28,10,1,Pca,3,t10,0,102.849748220666,0,0,0,336
277,sample_0007,2019-01-28,10,1,Col,1,t10,0,0,1896.08124454947,0,0,336
278,sample_0008,2019-01-28,10,1,Col,2,t10,0,0,1416.99721495485,0,0,336
279,sample_0009,2019-01-28,10,1,Col,3,t10,0,0,1638.61929276732,0,0,336
280,sample_0010,2019-01-28,10,1,Ble,1,t10,0,0,0,179.368160463612,71.0045854783807,336
281,sample_0011,2019-01-28,10,1,Ble,2,t10,0,0,0,179.368160463612,49.9057585731567,336
282,sample_0012,2019-01-28,10,1,Ble,3,t10,0,0,0,155.906264945002,32.6328522800799,336
283,sample_0013,2019-01-28,10,1,Ble_Tet,1,t10,9.73359214561004,0,0,118.265957746083,16.4289532168678,336
284,sample_0014,2019-01-28,10,1,Ble_Tet,2,t10,0,0,0,101.724477452387,33.8706501251864,336
285,sample_0015,2019-01-28,10,1,Ble_Tet,3,t10,6.58283399442991,0,0,160.969983402256,62.1149464089797,336
286,sample_0016,2019-01-28,10,1,Ble_Pca,1,t10,0,178.861788617886,0,33.5330688947028,0,336
287,sample_0017,2019-01-28,10,1,Ble_Pca,2,t10,0,180.831012462374,0,17.4979604467325,0,336
288,sample_0018,2019-01-28,10,1,Ble_Pca,3,t10,0,179.086842771542,0,24.6434298253017,0.787689537795032,336
289,sample_0019,2019-01-28,10,1,Ble_Col,1,t10,0,0,2069.42920640279,32.6328522800799,38.6530508903705,336
290,sample_0020,2019-01-28,10,1,Ble_Col,2,t10,0,0,2104.2000731426,81.7509213154415,15.9788449095564,336
291,sample_0021,2019-01-28,10,1,Ble_Col,3,t10,0,0,2240.47036318114,35.1647115087068,28.3568233606212,336
292,sample_0022,2019-01-28,10,1,Tet_Ble_Pca,1,t10,3.99471122738909,80.4568599319211,0,80.1192787014375,23.8557402875067,336
293,sample_0023,2019-01-28,10,1,Tet_Ble_Pca,2,t10,0,80.9632317776465,0,73.0300728612822,8.94590260781501,336
294,sample_0024,2019-01-28,10,1,Tet_Ble_Pca,3,t10,3.15075815118013,82.7074014684784,0,84.4515711593102,22.0553070582609,336
295,sample_0025,2019-01-28,10,1,Tet_Ble_Col,1,t10,0,0,1.01274369145076,68.4164627113399,28.9194587447605,336
296,sample_0026,2019-01-28,10,1,Tet_Ble_Col,2,t10,1.06900722986469,0,4.83866430359805,76.7434663966017,30.0447295130391,336
297,sample_0027,2019-01-28,10,1,Tet_Ble_Col,3,t10,0,0,3.37581230483585,53.2815708779925,7.98942245477818,336
298,sample_0001,2019-01-30,10,1,Tet,1,t11,2744.87298506203,0,0,0,0,384
299,sample_0002,2019-01-30,10,1,Tet,2,t11,5071.76414324697,0,0,0,0,384
300,sample_0003,2019-01-30,10,1,Tet,3,t11,3926.68860944665,0,0,0,0,384
301,sample_0004,2019-01-30,10,1,Pca,1,t11,0,179.255633386784,0,0,0,384
302,sample_0005,2019-01-30,10,1,Pca,2,t11,0,153.093088024306,0,0,0,384
303,sample_0006,2019-01-30,10,1,Pca,3,t11,0,201.704785213942,0,0,0,384
304,sample_0007,2019-01-30,10,1,Col,1,t11,0,0,1832.33465552649,0,0,384
305,sample_0008,2019-01-30,10,1,Col,2,t11,0,0,1397.98013897094,0,0,384
306,sample_0009,2019-01-30,10,1,Col,3,t11,0,0,1870.20001687906,0,0,384
307,sample_0010,2019-01-30,10,1,Ble,1,t11,0,0,0,102.230849298112,33.4205418178749,384
308,sample_0011,2019-01-30,10,1,Ble,2,t11,0,0,0,148.648268489605,73.4801811685937,384
309,sample_0012,2019-01-30,10,1,Ble,3,t11,0,0,0,86.7021126958675,13.1094044504459,384
310,sample_0013,2019-01-30,10,1,Ble_Tet,1,t11,0,0,0,159.619658480322,49.1743325737756,384
311,sample_0014,2019-01-30,10,1,Ble_Tet,2,t11,8.3832672236757,0,0,113.93366528821,41.8038090415506,384
312,sample_0015,2019-01-30,10,1,Ble_Tet,3,t11,0,0,0,215.939460432667,55.1945311840662,384
313,sample_0016,2019-01-30,10,1,Ble_Pca,1,t11,0,161.476355247982,0,0,0,384
314,sample_0017,2019-01-30,10,1,Ble_Pca,2,t11,0,116.746842208907,0,17.6667510619743,0,384
315,sample_0018,2019-01-30,10,1,Ble_Pca,3,t11,0,154.837257715138,0,6.41404337918812,0,384
316,sample_0019,2019-01-30,10,1,Ble_Col,1,t11,0,0,2075.5056685515,2.3630686133851,1.29406138352041,384
317,sample_0020,2019-01-30,10,1,Ble_Col,2,t11,0,0,2059.80814133401,5.51382676456522,0,384
318,sample_0021,2019-01-30,10,1,Ble_Col,3,t11,0,0,1947.16853742932,38.0904155062312,0,384
319,sample_0022,2019-01-30,10,1,Tet_Ble_Pca,1,t11,0,79.4441162404704,0,90.5842968464287,25.4873829015107,384
320,sample_0023,2019-01-30,10,1,Tet_Ble_Pca,2,t11,7.31425999381101,68.4164627113399,0,80.9632317776465,10.7463358370608,384
321,sample_0024,2019-01-30,10,1,Tet_Ble_Pca,3,t11,0,100.993051453006,0,105.269080372465,9.78985568402397,384
322,sample_0025,2019-01-30,10,1,Tet_Ble_Col,1,t11,0.67516246096717,0,17.3854333699046,134.188539117225,36.9651447379526,384
323,sample_0026,2019-01-30,10,1,Tet_Ble_Col,2,t11,0,0,21.6051987509494,120.403972205812,26.2750724393057,384
324,sample_0027,2019-01-30,10,1,Tet_Ble_Col,3,t11,3.31954876642192,0,7.82063183953639,116.915632824148,10.6900722986469,384
325,sample_0001,2019-02-01,10,1,Tet,1,t12,5331.25158241202,0,0,0,0,432
326,sample_0002,2019-02-01,10,1,Tet,2,t12,4831.51883421948,0,0,0,0,432
327,sample_0003,2019-02-01,10,1,Tet,3,t12,2528.53967986047,0,0,0,0,432
328,sample_0004,2019-02-01,10,1,Pca,1,t12,0,138.970939882409,0,0,0,432
329,sample_0005,2019-02-01,10,1,Pca,2,t12,0,111.120488367513,0,0,0,432
330,sample_0006,2019-02-01,10,1,Pca,3,t12,0,176.04861169719,0,0,0,432
331,sample_0007,2019-02-01,10,1,Col,1,t12,0,0,1606.15523110248,0,0,432
332,sample_0008,2019-02-01,10,1,Col,2,t12,0,0,1339.52232255887,0,0,432
333,sample_0009,2019-02-01,10,1,Col,3,t12,0,0,2242.3270599488,0,0,432
334,sample_0010,2019-02-01,10,1,Ble,1,t12,0,0,0,160.632402171773,6.24525276394632,432
335,sample_0011,2019-02-01,10,1,Ble,2,t12,0,0,0,151.799026640785,32.576588741666,432
336,sample_0012,2019-02-01,10,1,Ble,3,t12,0,0,0,95.2541705347849,15.5287366022449,432
337,sample_0013,2019-02-01,10,1,Ble_Tet,1,t12,0,0,0,118.265957746083,16.5977438321096,432
338,sample_0014,2019-02-01,10,1,Ble_Tet,2,t12,0,0,0,131.487889273356,42.7602891945875,432
339,sample_0015,2019-02-01,10,1,Ble_Tet,3,t12,13.6720398345852,0,0,206.768503671196,53.731679185304,432
340,sample_0016,2019-02-01,10,1,Ble_Pca,1,t12,0,116.859369285734,0,8.49579430050356,0,432
341,sample_0017,2019-02-01,10,1,Ble_Pca,2,t12,0,86.6458491574535,0,2.08175092131544,0,432
342,sample_0018,2019-02-01,10,1,Ble_Pca,3,t12,0,181.168593692857,0,0,0,432
343,sample_0019,2019-02-01,10,1,Ble_Col,1,t12,0,0,2051.98750949447,15.3036824485892,111.570596674825,432
344,sample_0020,2019-02-01,10,1,Ble_Col,2,t12,0,0,1939.0103243593,20.2548738290151,60.3707767181478,432
345,sample_0021,2019-02-01,10,1,Ble_Col,3,t12,0,0,1362.08400146285,36.4025093538133,95.6480153036825,432
346,sample_0022,2019-02-01,10,1,Tet_Ble_Pca,1,t12,0,132.10678819591,0,52.2688271865418,0,432
347,sample_0023,2019-02-01,10,1,Tet_Ble_Pca,2,t12,10.8025993754747,117.647058823529,0,63.9716431766394,4.95119138042592,432
348,sample_0024,2019-02-01,10,1,Tet_Ble_Pca,3,t12,3.93844768897516,86.9834303879371,0,81.0757588544744,1.4628519987622,432
349,sample_0025,2019-02-01,10,1,Tet_Ble_Col,1,t12,3.31954876642192,0,9.1146932230568,80.2880693166793,0,432
350,sample_0026,2019-02-01,10,1,Tet_Ble_Col,2,t12,0,0,18.2856499845275,126.874279123414,17.2729062930768,432
351,sample_0027,2019-02-01,10,1,Tet_Ble_Col,3,t12,0,0,4.95119138042592,118.040903592427,14.4597293723802,432
